candidate_id,n,h,d,a,k,lgw,hp,q,structural_status,rejection_reasons,FORS_term_exponent_lower,FORS_term_exponent_upper,FORS_term_screening_status,implemented_pids,implementation_status,NIST_category_assigned_to_candidate,completed_overall_security_assessment,precision_decimal_digits,config_sha256,signature_bytes,m,wots_len1,wots_len2,wots_len,wots_actual_chain_steps_min,wots_actual_chain_steps_max,wots_uniform_chain_steps_expected,wots_uniform_expectation_exact_fraction,sign_primitive_fixed_before_final_chain,expected_verify_primitive_calls,verify_primitive_calls_min,verify_primitive_calls_max,expected_verify_compressions,keygen_primitive_calls,keygen_compressions,fors_sign_primitive_calls,expected_sign_primitive_calls_no_cache,sign_primitive_calls_min_no_cache,sign_primitive_calls_max_no_cache,expected_sign_compressions_no_cache,expected_sign_primitive_calls_t12,sign_primitive_calls_min_t12,sign_primitive_calls_max_t12,expected_sign_compressions_t12,cache_t,cache_payload_bytes,cache_file_bytes,cache_node_ram_bytes,pareto_no_cache,pareto_t12,count_scope,final
n16-h22-d1-a14-k12-b3,16,22,1,14,12,3,22,16777216,valid,,132.9536834411550749916129645625070708312020931461521575936428126724385465796669609296784525265566941,132.9536834411550749916129645625070708312020931461521575936428126724385465796669609296784525265573105,accepted_term_only,,theoretical_only; lgw3 padded-digit extension not implemented,False,False,100,9ad023b534069b67b3dc717373ded69f18ea176011f698dfc53566d7ee2f4a13,3984,24,43,3,46,14,301,158.326308158,52612940318120588753253499163996464613/332306998946228968225951765070086144,1552481961,368.673691842,226,513,386.673691842,1551892479,1598029824,589825,1552482119.33,1552481975,1552482262,1598619463.33,2105169.32631,2105025,2105312,2150225.32631,12,16384,16480,32752,False,True,current scalar-path formulas; message primitives/midstate included; exact uniform-message WOTS expectation,False
n16-h22-d1-a14-k12-b4,16,22,1,14,12,4,22,16777216,valid,,132.9536834411550749916129645625070708312020931461521575936428126724385465796669609296784525265566941,132.9536834411550749916129645625070708312020931461521575936428126724385465796669609296784525265573105,accepted_term_only,,theoretical_only,False,False,100,9ad023b534069b67b3dc717373ded69f18ea176011f698dfc53566d7ee2f4a13,3808,24,32,3,35,15,480,257.877095319,10968878546243304686502652497599905212525/42535295865117307932921825928971026432,2357788126,472.122904681,250,715,488.122904681,2357198847,2394947584,589825,2357788383.88,2357788141,2357788606,2395537121.88,2891497.8771,2891255,2891720,2928363.8771,12,16384,16480,32752,False,True,current scalar-path formulas; message primitives/midstate included; exact uniform-message WOTS expectation,False
n16-h22-d1-a16-k10-b4,16,22,1,16,10,4,22,16777216,valid,,131.8181634116412266031734428510054702381371825505967925683571627301906355815983447443875431234020383,131.8181634116412266031734428510054702381371825505967925683571627301906355815983447443875431234026825,accepted_term_only,,theoretical_only,False,False,100,9ad023b534069b67b3dc717373ded69f18ea176011f698dfc53566d7ee2f4a13,3648,23,32,3,35,15,480,257.877095319,10968878546243304686502652497599905212525/42535295865117307932921825928971026432,2359164382,462.122904681,240,705,477.122904681,2357198847,2394947584,1966081,2359164639.88,2359164397,2359164862,2396913376.88,4267753.8771,4267511,4267976,4304618.8771,12,16384,16480,32752,False,True,current scalar-path formulas; message primitives/midstate included; exact uniform-message WOTS expectation,False
n16-h22-d1-a24-k6-b4,16,22,1,24,6,4,22,16777216,valid,,128.6297238528053150299034708776126389280923699098342340424623644986619241688651576743687788399205232,128.6297238528053150299034708776126389280923699098342340424623644986619241688651576743687788399282270,accepted_term_only,,theoretical_only,False,False,100,9ad023b534069b67b3dc717373ded69f18ea176011f698dfc53566d7ee2f4a13,3328,21,32,3,35,15,480,257.877095319,10968878546243304686502652497599905212525/42535295865117307932921825928971026432,2659188190,442.122904681,220,685,456.122904681,2357198847,2394947584,301989889,2659188447.88,2659188205,2659188670,2696937183.88,304291561.877,304291319,304291784,304328425.877,12,16384,16480,32752,True,True,current scalar-path formulas; message primitives/midstate included; exact uniform-message WOTS expectation,False
n16-h24-d1-a8-k24-b2,16,24,1,8,24,2,24,16777216,valid,,134.0000736910112997544215578838534854431963008977755323316320506358833986668213565643810740494949624,134.0000736910112997544215578838534854431963008977755323319537483656933438625595740111559098936099926,accepted_term_only,,theoretical_only,False,False,100,9ad023b534069b67b3dc717373ded69f18ea176011f698dfc53566d7ee2f4a13,4944,27,64,4,68,3,192,101.530704223,2159319271749314145435440532620809105107/21267647932558653966460912964485513216,4596975389,345.469295777,255,444,372.469295777,4596957183,4882169856,18433,4596975490.53,4596975392,4596975581,4882188159.53,1140622.5307,1140524,1140713,1210251.5307,12,65536,65632,131056,False,True,current scalar-path formulas; message primitives/midstate included; exact uniform-message WOTS expectation,False
n16-h24-d1-a10-k18-b2,16,24,1,10,18,2,24,16777216,valid,,140.7844299981013861003399130481178884475867170369630578530791320825848290240684734791574513006486002,140.7844299981013861003399130481178884475867170369630578530791320825848290241824286108010259131467946,accepted_term_only,,theoretical_only,False,False,100,9ad023b534069b67b3dc717373ded69f18ea176011f698dfc53566d7ee2f4a13,4656,26,64,4,68,3,192,101.530704223,2159319271749314145435440532620809105107/21267647932558653966460912964485513216,4597012253,327.469295777,237,426,352.469295777,4596957183,4882169856,55297,4597012354.53,4597012256,4597012445,4882225021.53,1177486.5307,1177388,1177577,1247113.5307,12,65536,65632,131056,False,True,current scalar-path formulas; message primitives/midstate included; exact uniform-message WOTS expectation,False
n16-h24-d1-a10-k18-b3,16,24,1,10,18,3,24,16777216,valid,,140.7844299981013861003399130481178884475867170369630578530791320825848290240684734791574513006486002,140.7844299981013861003399130481178884475867170369630578530791320825848290241824286108010259131467946,accepted_term_only,,theoretical_only; lgw3 padded-digit extension not implemented,False,False,100,9ad023b534069b67b3dc717373ded69f18ea176011f698dfc53566d7ee2f4a13,4304,26,43,3,46,14,301,158.326308158,52612940318120588753253499163996464613/332306998946228968225951765070086144,6207624871,388.673691842,246,533,407.673691842,6207569919,6392119296,55297,6207625029.33,6207624885,6207625172,6392174406.33,1570641.32631,1570497,1570784,1615698.32631,12,65536,65632,131056,False,True,current scalar-path formulas; message primitives/midstate included; exact uniform-message WOTS expectation,False
n16-h24-d1-a12-k14-b2,16,24,1,12,14,2,24,16777216,valid,,140.5071547511637896271251436546250688304439981457538819739048968398681410265143201705472151007276767,140.5071547511637896271251436546250688304439981457538819739048968398681410265143201705472151007340147,accepted_term_only,,theoretical_only,False,False,100,9ad023b534069b67b3dc717373ded69f18ea176011f698dfc53566d7ee2f4a13,4400,24,64,4,68,3,192,101.530704223,2159319271749314145435440532620809105107/21267647932558653966460912964485513216,4597128989,311.469295777,221,410,335.469295777,4596957183,4882169856,172033,4597129090.53,4597128992,4597129181,4882341756.53,1294222.5307,1294124,1294313,1363848.5307,12,65536,65632,131056,False,True,current scalar-path formulas; message primitives/midstate included; exact uniform-message WOTS expectation,False
n16-h24-d1-a12-k14-b3,16,24,1,12,14,3,24,16777216,valid,,140.5071547511637896271251436546250688304439981457538819739048968398681410265143201705472151007276767,140.5071547511637896271251436546250688304439981457538819739048968398681410265143201705472151007340147,accepted_term_only,,theoretical_only; lgw3 padded-digit extension not implemented,False,False,100,9ad023b534069b67b3dc717373ded69f18ea176011f698dfc53566d7ee2f4a13,4048,24,43,3,46,14,301,158.326308158,52612940318120588753253499163996464613/332306998946228968225951765070086144,6207741607,372.673691842,230,517,390.673691842,6207569919,6392119296,172033,6207741765.33,6207741621,6207741908,6392291141.33,1687377.32631,1687233,1687520,1732433.32631,12,65536,65632,131056,False,True,current scalar-path formulas; message primitives/midstate included; exact uniform-message WOTS expectation,False
n16-h24-d1-a12-k14-b4,16,24,1,12,14,4,24,16777216,valid,,140.5071547511637896271251436546250688304439981457538819739048968398681410265143201705472151007276767,140.5071547511637896271251436546250688304439981457538819739048968398681410265143201705472151007340147,accepted_term_only,,theoretical_only,False,False,100,9ad023b534069b67b3dc717373ded69f18ea176011f698dfc53566d7ee2f4a13,3872,24,32,3,35,15,480,257.877095319,10968878546243304686502652497599905212525/42535295865117307932921825928971026432,9428966876,476.122904681,254,719,492.122904681,9428795391,9579790336,172033,9428967133.88,9428966891,9428967356,9579962079.88,2473705.8771,2473463,2473928,2510571.8771,12,65536,65632,131056,False,True,current scalar-path formulas; message primitives/midstate included; exact uniform-message WOTS expectation,False
n16-h24-d1-a18-k8-b3,16,24,1,18,8,3,24,16777216,valid,,131.9846759678150599920866327159474082637077764420992557874393213214209495550082161000312126342243052,131.9846759678150599920866327159474082637077764420992557874393213214209495550082161000312126342249362,accepted_term_only,,theoretical_only; lgw3 padded-digit extension not implemented,False,False,100,9ad023b534069b67b3dc717373ded69f18ea176011f698dfc53566d7ee2f4a13,3568,21,43,3,46,14,301,158.326308158,52612940318120588753253499163996464613/332306998946228968225951765070086144,6213861031,342.673691842,200,487,359.673691842,6207569919,6392119296,6291457,6213861189.33,6213861045,6213861332,6398410564.33,7806801.32631,7806657,7806944,7851856.32631,12,65536,65632,131056,False,True,current scalar-path formulas; message primitives/midstate included; exact uniform-message WOTS expectation,False
n16-h24-d1-a18-k8-b4,16,24,1,18,8,4,24,16777216,valid,,131.9846759678150599920866327159474082637077764420992557874393213214209495550082161000312126342243052,131.9846759678150599920866327159474082637077764420992557874393213214209495550082161000312126342249362,accepted_term_only,,theoretical_only,False,False,100,9ad023b534069b67b3dc717373ded69f18ea176011f698dfc53566d7ee2f4a13,3392,21,32,3,35,15,480,257.877095319,10968878546243304686502652497599905212525/42535295865117307932921825928971026432,9435086300,446.122904681,224,689,461.122904681,9428795391,9579790336,6291457,9435086557.88,9435086315,9435086780,9586081502.88,8593129.8771,8592887,8593352,8629994.8771,12,65536,65632,131056,False,True,current scalar-path formulas; message primitives/midstate included; exact uniform-message WOTS expectation,False
n16-h24-d3-a12-k14-b4,16,24,3,12,14,4,8,16777216,valid,,140.5071547511637896271251436546250688304439981457538819739048968398681410265143201705472151007276767,140.5071547511637896271251436546250688304439981457538819739048968398681410265143201705472151007340147,accepted_term_only,,theoretical_only,False,False,100,9ad023b534069b67b3dc717373ded69f18ea176011f698dfc53566d7ee2f4a13,4992,24,32,3,35,15,480,257.877095319,10968878546243304686502652497599905212525/42535295865117307932921825928971026432,603114,1012.36871404,346,1741,1046.36871404,143871,146176,172033,603371.877095,603129,603594,610285.877095,603371.877095,603129,603594,610285.877095,8,16,112,16,True,True,current scalar-path formulas; message primitives/midstate included; exact uniform-message WOTS expectation,False
n16-h24-d3-a14-k12-b4,16,24,3,14,12,4,8,16777216,valid,,145.9963179144112758260694639266116312233851828164060648842186851695875449492353050070342704778270667,145.9963179144112758260694639266116312233851828164060648842186851695875449492353050070342704778276738,accepted_term_only,,theoretical_only,False,False,100,9ad023b534069b67b3dc717373ded69f18ea176011f698dfc53566d7ee2f4a13,4960,24,32,3,35,15,480,257.877095319,10968878546243304686502652497599905212525/42535295865117307932921825928971026432,1020906,1010.36871404,344,1739,1044.36871404,143871,146176,589825,1021163.8771,1020921,1021386,1028077.8771,1021163.8771,1020921,1021386,1028077.8771,8,16,112,16,True,True,current scalar-path formulas; message primitives/midstate included; exact uniform-message WOTS expectation,False
n16-h24-d4-a8-k24-b3,16,24,4,8,24,3,6,16777216,valid,,134.0000736910112997544215578838534854431963008977755323316320506358833986668213565643810740494949624,134.0000736910112997544215578838534854431963008977755323319537483656933438625595740111559098936099926,accepted_term_only,,theoretical_only; lgw3 padded-digit extension not implemented,False,False,100,9ad023b534069b67b3dc717373ded69f18ea176011f698dfc53566d7ee2f4a13,6800,28,43,3,46,14,301,158.326308158,52612940318120588753253499163996464613/332306998946228968225951765070086144,112822,900.694767369,330,1478,954.694767369,23679,24384,18433,112980.326308,112836,113123,115799.326308,112980.326308,112836,113123,115799.326308,6,16,112,16,True,True,current scalar-path formulas; message primitives/midstate included; exact uniform-message WOTS expectation,False
n16-h24-d4-a8-k24-b4,16,24,4,8,24,4,6,16777216,valid,,134.0000736910112997544215578838534854431963008977755323316320506358833986668213565643810740494949624,134.0000736910112997544215578838534854431963008977755323319537483656933438625595740111559098936099926,accepted_term_only,,theoretical_only,False,False,100,9ad023b534069b67b3dc717373ded69f18ea176011f698dfc53566d7ee2f4a13,6096,28,32,3,35,15,480,257.877095319,10968878546243304686502652497599905212525/42535295865117307932921825928971026432,161771,1314.49161872,426,2286,1360.49161872,35967,36544,18433,162028.877095,161786,162251,164337.877095,162028.877095,161786,162251,164337.877095,6,16,112,16,True,True,current scalar-path formulas; message primitives/midstate included; exact uniform-message WOTS expectation,False
n16-h24-d4-a10-k18-b4,16,24,4,10,18,4,6,16777216,valid,,140.7844299981013861003399130481178884475867170369630578530791320825848290240684734791574513006486002,140.7844299981013861003399130481178884475867170369630578530791320825848290241824286108010259131467946,accepted_term_only,,theoretical_only,False,False,100,9ad023b534069b67b3dc717373ded69f18ea176011f698dfc53566d7ee2f4a13,5808,27,32,3,35,15,480,257.877095319,10968878546243304686502652497599905212525/42535295865117307932921825928971026432,198635,1296.49161872,408,2268,1340.49161872,35967,36544,55297,198892.877095,198650,199115,201199.877095,198892.877095,198650,199115,201199.877095,6,16,112,16,True,True,current scalar-path formulas; message primitives/midstate included; exact uniform-message WOTS expectation,False
n16-h24-d4-a12-k14-b4,16,24,4,12,14,4,6,16777216,valid,,140.5071547511637896271251436546250688304439981457538819739048968398681410265143201705472151007276767,140.5071547511637896271251436546250688304439981457538819739048968398681410265143201705472151007340147,accepted_term_only,,theoretical_only,False,False,100,9ad023b534069b67b3dc717373ded69f18ea176011f698dfc53566d7ee2f4a13,5552,25,32,3,35,15,480,257.877095319,10968878546243304686502652497599905212525/42535295865117307932921825928971026432,315371,1280.49161872,392,2252,1323.49161872,35967,36544,172033,315628.877095,315386,315851,317934.877095,315628.877095,315386,315851,317934.877095,6,16,112,16,True,True,current scalar-path formulas; message primitives/midstate included; exact uniform-message WOTS expectation,False
n16-h24-d6-a8-k24-b3,16,24,6,8,24,3,4,16777216,valid,,134.0000736910112997544215578838534854431963008977755323316320506358833986668213565643810740494949624,134.0000736910112997544215578838534854431963008977755323319537483656933438625595740111559098936099926,accepted_term_only,,theoretical_only; lgw3 padded-digit extension not implemented,False,False,100,9ad023b534069b67b3dc717373ded69f18ea176011f698dfc53566d7ee2f4a13,8272,28,43,3,46,14,301,158.326308158,52612940318120588753253499163996464613/332306998946228968225951765070086144,53622,1230.04215105,374,2096,1306.04215105,5919,6096,18433,53780.3263082,53636,53923,54839.3263082,53780.3263082,53636,53923,54839.3263082,4,16,112,16,True,True,current scalar-path formulas; message primitives/midstate included; exact uniform-message WOTS expectation,False
n16-h24-d6-a8-k24-b4,16,24,6,8,24,4,4,16777216,valid,,134.0000736910112997544215578838534854431963008977755323316320506358833986668213565643810740494949624,134.0000736910112997544215578838534854431963008977755323319537483656933438625595740111559098936099926,accepted_term_only,,theoretical_only,False,False,100,9ad023b534069b67b3dc717373ded69f18ea176011f698dfc53566d7ee2f4a13,7216,28,32,3,35,15,480,257.877095319,10968878546243304686502652497599905212525/42535295865117307932921825928971026432,71851,1850.73742808,518,3308,1914.73742808,8991,9136,18433,72108.8770953,71866,72331,72977.8770953,72108.8770953,71866,72331,72977.8770953,4,16,112,16,True,True,current scalar-path formulas; message primitives/midstate included; exact uniform-message WOTS expectation,False
n16-h24-d8-a8-k24-b2,16,24,8,8,24,2,3,16777216,valid,,134.0000736910112997544215578838534854431963008977755323316320506358833986668213565643810740494949624,134.0000736910112997544215578838534854431963008977755323319537483656933438625595740111559098936099926,accepted_term_only,,theoretical_only,False,False,100,9ad023b534069b67b3dc717373ded69f18ea176011f698dfc53566d7ee2f4a13,12560,28,64,4,68,3,192,101.530704223,2159319271749314145435440532620809105107/21267647932558653966460912964485513216,35755,1069.75436622,346,1858,1215.75436622,2191,2328,18433,35856.5307042,35758,35947,36941.5307042,35856.5307042,35758,35947,36941.5307042,3,16,112,16,True,True,current scalar-path formulas; message primitives/midstate included; exact uniform-message WOTS expectation,False
n16-h24-d8-a8-k24-b3,16,24,8,8,24,3,3,16777216,valid,,134.0000736910112997544215578838534854431963008977755323316320506358833986668213565643810740494949624,134.0000736910112997544215578838534854431963008977755323319537483656933438625595740111559098936099926,accepted_term_only,,theoretical_only; lgw3 padded-digit extension not implemented,False,False,100,9ad023b534069b67b3dc717373ded69f18ea176011f698dfc53566d7ee2f4a13,9744,28,43,3,46,14,301,158.326308158,52612940318120588753253499163996464613/332306998946228968225951765070086144,41781,1559.38953474,418,2714,1657.38953474,2959,3048,18433,41939.3263082,41795,42082,42646.3263082,41939.3263082,41795,42082,42646.3263082,3,16,112,16,True,True,current scalar-path formulas; message primitives/midstate included; exact uniform-message WOTS expectation,False
n16-h28-d4-a8-k20-b4,16,28,4,8,20,4,7,16777216,valid,,139.3894454337346557215431200324128015994469828815147911341191330343939612010059852131093849475874248,139.3894454337346557215431200324128015994469828815147911341191330343988269490830846123152725943552386,accepted_term_only,,theoretical_only,False,False,100,9ad023b534069b67b3dc717373ded69f18ea176011f698dfc53566d7ee2f4a13,5584,24,32,3,35,15,480,257.877095319,10968878546243304686502652497599905212525/42535295865117307932921825928971026432,302570,1282.49161872,394,2254,1327.49161872,71935,73088,15361,302827.877095,302585,303050,307439.877095,302827.877095,302585,303050,307439.877095,7,16,112,16,True,True,current scalar-path formulas; message primitives/midstate included; exact uniform-message WOTS expectation,False
n16-h28-d4-a10-k14-b4,16,28,4,10,14,4,7,16777216,valid,,131.2925187689458960301949074220118697713767152874904436786063308413741630733989380301653655427175630,131.2925187689458960301949074220118697713767152874904436786063308413741630733989380301653656561553083,accepted_term_only,,theoretical_only,False,False,100,9ad023b534069b67b3dc717373ded69f18ea176011f698dfc53566d7ee2f4a13,5168,22,32,3,35,15,480,257.877095319,10968878546243304686502652497599905212525/42535295865117307932921825928971026432,330218,1256.49161872,368,2228,1299.49161872,71935,73088,43009,330475.877095,330233,330698,335085.877095,330475.877095,330233,330698,335085.877095,7,16,112,16,True,True,current scalar-path formulas; message primitives/midstate included; exact uniform-message WOTS expectation,False
n16-h28-d7-a10-k14-b4,16,28,7,10,14,4,4,16777216,valid,,131.2925187689458960301949074220118697713767152874904436786063308413741630733989380301653655427175630,131.2925187689458960301949074220118697713767152874904436786063308413741630733989380301653656561553083,accepted_term_only,,theoretical_only,False,False,100,9ad023b534069b67b3dc717373ded69f18ea176011f698dfc53566d7ee2f4a13,6848,22,32,3,35,15,480,257.877095319,10968878546243304686502652497599905212525/42535295865117307932921825928971026432,105418,2060.86033276,506,3761,2130.86033276,8991,9136,43009,105675.877095,105433,105898,106685.877095,105675.877095,105433,105898,106685.877095,4,16,112,16,True,True,current scalar-path formulas; message primitives/midstate included; exact uniform-message WOTS expectation,False
n16-h30-d5-a8-k18-b4,16,30,5,8,18,4,6,16777216,valid,,135.2360358022167328431219007732709275235609666152682876139789283808061377685659087555201667643855212,135.2360358022167328431219007732709275235609666152682876139789283808061385542758766799489240856250633,accepted_term_only,,theoretical_only,False,False,100,9ad023b534069b67b3dc717373ded69f18ea176011f698dfc53566d7ee2f4a13,5888,22,32,3,35,15,480,257.877095319,10968878546243304686502652497599905212525/42535295865117307932921825928971026432,193130,1534.6145234,424,2749,1587.6145234,35967,36544,13825,193387.877095,193145,193610,196270.877095,193387.877095,193145,193610,196270.877095,6,16,112,16,True,True,current scalar-path formulas; message primitives/midstate included; exact uniform-message WOTS expectation,False
n16-h30-d5-a10-k14-b4,16,30,5,10,14,4,6,16777216,valid,,137.5109699741575763175723718658531795064256925550453364645863833225606709972142493587788043358736473,137.5109699741575763175723718658531795064256925550453364645863833225606709972142493587788043484804807,accepted_term_only,,theoretical_only,False,False,100,9ad023b534069b67b3dc717373ded69f18ea176011f698dfc53566d7ee2f4a13,5760,22,32,3,35,15,480,257.877095319,10968878546243304686502652497599905212525/42535295865117307932921825928971026432,222314,1526.6145234,416,2741,1578.6145234,35967,36544,43009,222571.877095,222329,222794,225453.877095,222571.877095,222329,222794,225453.877095,6,16,112,16,True,True,current scalar-path formulas; message primitives/midstate included; exact uniform-message WOTS expectation,False
n16-h30-d6-a8-k18-b4,16,30,6,8,18,4,5,16777216,valid,,135.2360358022167328431219007732709275235609666152682876139789283808061377685659087555201667643855212,135.2360358022167328431219007732709275235609666152682876139789283808061385542758766799489240856250633,accepted_term_only,,theoretical_only,False,False,100,9ad023b534069b67b3dc717373ded69f18ea176011f698dfc53566d7ee2f4a13,6448,23,32,3,35,15,480,257.877095319,10968878546243304686502652497599905212525/42535295865117307932921825928971026432,121194,1802.73742808,470,3260,1864.73742808,17983,18272,13825,121451.877095,121209,121674,123182.877095,121451.877095,121209,121674,123182.877095,5,16,112,16,True,True,current scalar-path formulas; message primitives/midstate included; exact uniform-message WOTS expectation,False
n16-h30-d6-a10-k14-b4,16,30,6,10,14,4,5,16777216,valid,,137.5109699741575763175723718658531795064256925550453364645863833225606709972142493587788043358736473,137.5109699741575763175723718658531795064256925550453364645863833225606709972142493587788043484804807,accepted_term_only,,theoretical_only,False,False,100,9ad023b534069b67b3dc717373ded69f18ea176011f698dfc53566d7ee2f4a13,6320,23,32,3,35,15,480,257.877095319,10968878546243304686502652497599905212525/42535295865117307932921825928971026432,150378,1794.73742808,462,3252,1855.73742808,17983,18272,43009,150635.877095,150393,150858,152365.877095,150635.877095,150393,150858,152365.877095,5,16,112,16,True,True,current scalar-path formulas; message primitives/midstate included; exact uniform-message WOTS expectation,False
n16-h32-d4-a8-k16-b4,16,32,4,8,16,4,8,16777216,valid,,128.1116010681689514801730887234614594305816312538756484451756589150511313900849884211375482814739449,128.1116010681689514801730887234614594305816312538756484451756589150511313901023305470271698827739661,accepted_term_only,,theoretical_only,False,False,100,9ad023b534069b67b3dc717373ded69f18ea176011f698dfc53566d7ee2f4a13,5072,20,32,3,35,15,480,257.877095319,10968878546243304686502652497599905212525/42535295865117307932921825928971026432,587241,1250.49161872,362,2222,1294.49161872,143871,146176,12289,587498.877095,587256,587721,596717.877095,587498.877095,587256,587721,596717.877095,8,16,112,16,True,True,current scalar-path formulas; message primitives/midstate included; exact uniform-message WOTS expectation,False
