evidence_id,parameter_structure,h,a,k,q_power,q,scope,negative_log2_probability,exponent_lower,exponent_upper,gamma_terms,absolute_tail_upper,relative_tail_upper,precision_decimal_digits,operation_use_status,source_jsonl,source_line,full_security_claim,final
R8/FORS/128s/q2^20,128s,63,12,14,20,1048576,FORS target-coverage probability term,210.9999999986588452302645364452911532541192342692872875952257665191634879641120009928573707228792953,210.9999999986588452302645364452911532541192342676443426929535413851366164934551562674399679269365871,210.9999999986588452302645364452911532541192342709302324974979916531903594347688457182747735188220035,7,6.920689601357828529385545443353497303628801531216637598520645408960774547047592428525599189147915106E-109,2.277605253650655471268266591824849395961890708327712440346115873058615361152841989214645316162752429E-45,100,within_stated_signature_limit,security-terms.jsonl,1,False,False
R8/FORS/128s/q2^22,128s,63,12,14,22,4194304,FORS target-coverage probability term,208.9999999946353770912845593021026429396331301516261316839920505162881011219407280067124053105929107,208.9999999946353770912845593021026429396331032330778296348493430857582080140379184364284749037035625,208.9999999946353770912845593021026429396331570701744337331347579468179942298435375769963357174822589,7,4.535633972375823905332381519863977021238755786266902293887526584259875367058886525100470388381807386E-104,3.731703172066413269425330480489817892371697820299511102872970971262928873313221175345104900524831737E-41,100,within_stated_signature_limit,security-terms.jsonl,2,False,False
R8/FORS/128s/q2^24,128s,63,12,14,24,16777216,FORS target-coverage probability term,206.9999999785415046449343884480848349369924276610917648832301557453157482143241914081359173859926192,206.9999999785415046449343884480848349369924276610916757455768384943125747067249706090388586954276871,206.9999999785415046449343884480848349369924276610918540208834729963189217219234122072329760765575513,8,6.007690586834442754984034589136400999282021445693551949198117449351234039233969810197917980499431097E-112,1.235710261571647781386838466127537815179565192576593424917318657431236189405501930227794044800489544E-49,100,within_stated_signature_limit,security-terms.jsonl,3,False,False
R8/FORS/128s/q2^26,128s,63,12,14,26,67108864,FORS target-coverage probability term,204.9999999141660166126494409034943282835970067790254008788566796980866471985018942725351896766460907,204.9999999141660166126494409034943282835970067731836664905072865890033848085298553139146639300596996,204.9999999141660166126494409034943282835970067848671352672060728071699095884739332311557154232324819,8,1.574882575684529742932993848096690755169672837936576723132506545588463314880150039392872695272992998E-106,8.098363441728916915780163734166955876654151534377123220093609398670647813176714789366249911299924771E-45,100,within_stated_signature_limit,security-terms.jsonl,4,False,False
R8/FORS/128s/q2^28,128s,63,12,14,28,268435456,FORS target-coverage probability term,202.9999996566640925333570964584478437869574478389664215091858507671296629617480024926902870965614802,202.9999996566640925333570964584478437869574478389664203949632288463933891585605389583555964091126521,202.9999996566640925333570964584478437869574478389664226234084726878659367649354660270249777840103084,9,1.201540494137715628884141526334993335282762934148673494169300207801032053183252417628735001467013021E-112,1.544640537800936525002947160046183839728184757526016658233924589085574143983695126439752448985186897E-51,100,within_stated_signature_limit,security-terms.jsonl,5,False,False
R8/FORS/128s/q2^30,128s,63,12,14,30,1073741824,FORS target-coverage probability term,200.9999986266568450134698451418963085315828684137275810409457471225996410825960139577124789143268447,200.9999986266568450134698451418963085315828684134354944377785784736179272317161203775353529695077162,200.9999986266568450134698451418963085315828684140196676441129157715813549334759075378896048591459733,9,1.259906683488175187698908796697177536586574829921818289914138928777467847592763132845898595260190755E-106,4.049180109293090820263067364049347635594189633043997508353760989726590296831580786128020326602334860E-46,100,within_stated_signature_limit,security-terms.jsonl,6,False,False
R8/FORS/128s/q2^32,128s,63,12,14,32,4294967296,FORS target-coverage probability term,198.9999945066350356727065758825499872209371524850034254274332289258185037292700176969969723385530658,198.9999945066350356727065758825499872209371524850034221860693990184669371633235730428078571057739368,198.9999945066350356727065758825499872209371524850034286687970588331700702952164623511860875713321949,10,5.592625709139458554255690896354749292987715801006293914392277340370604023450993232744385015803643142E-111,4.493484399738533744610129167251049388642828990968325017909841557263905364516661737282322033359137645E-51,100,within_stated_signature_limit,security-terms.jsonl,7,False,False
R8/FORS/128s/q2^34,128s,63,12,14,34,17179869184,FORS target-coverage probability term,196.9999780266626889956276372719015919124445317676247552668465855044858179498527073391015491095785092,196.9999780266626889956276372719015919124445317642259777438259583326586530087409735020375081083098034,196.9999780266626889956276372719015919124445317710235327898672126763129828909644411761655901108472151,10,2.345717257784508127388390490699395227207772117417769991384816407912450864145658474229057148271105270E-104,4.711706114864524675502987355446570328835431390572576787647421811426666390940418694135625877137177819E-45,100,within_stated_signature_limit,security-terms.jsonl,8,False,False
R8/FORS/128s/q2^36,128s,63,12,14,36,68719476736,FORS target-coverage probability term,194.9999121086114806519148285626504651411876455561643221935665561942419225909157930395287469804549077,194.9999121086114806519148285626504651411876455561621095488898078208646839886016114635213683262902512,194.9999121086114806519148285626504651411876455561665348382433045676191611932299746155361256346195643,11,6.108638674460264232250119737126941557504164741026573982721301306541862516804384590298860659900172977E-107,3.067376838538213168344545719389082617721953601174345122043237042243060046705748358580581974068306114E-48,100,within_stated_signature_limit,security-terms.jsonl,9,False,False
R8/FORS/128s/q2^38,128s,63,12,14,38,274877906944,FORS target-coverage probability term,192.9996484658128548435995618240373258339082352846288311406400234583127721314933063655771265940385902,192.9996484658128548435995618240373258339082260058203910101110438487994643081578142321425726617290502,192.9996484658128548435995618240373258339082445634372712711690030678260799548287984990116805263481303,11,1.024859484813516721854152568633114015922879854883414468256459004810450058070277900309672715063133008E-99,1.286315981846460051431345126078163058599685386513651330071033489506193932400174275553507867859991157E-41,100,within_stated_signature_limit,security-terms.jsonl,10,False,False
R8/FORS/128s/q2^40,128s,63,12,14,40,1099511627776,FORS target-coverage probability term,190.9985943648205253846420671904775562269549337750528757482866014783193394130463942544460501341004294,190.9985943648205253846420671904775562269549334184363135918365667438728096116469773149249321940412946,190.9985943648205253846420671904775562269549341316694379047366362127658692144458111939671680741595642,12,1.576706769553773455623983744784634659517650144988158768271372458684436657115976555813133812163063926E-100,4.943755291994476632541733336214473907387960227483523161791580118997883949309634902215737734228776901E-43,100,within_stated_signature_limit,security-terms.jsonl,11,False,False
R8/FORS/128s/q2^42,128s,63,12,14,42,4398046511104,FORS target-coverage probability term,188.9943854651231274087961289294085860990766511989731695645384157871692801689943258174426891160579416,188.9943854651231274087961289294085860990766509957859858584303701362126250569986301002412247099210437,188.9943854651231274087961289294085860990766514021603532706464614381259352809900215346441535221948396,13,3.603899988577843528509064445349307286745706711557654311438670490808077607366468065091036513008857864E-100,2.816772470236089021364090486266702762006267743214343814306727298842036353433014477906187592347715920E-43,100,within_stated_signature_limit,security-terms.jsonl,12,False,False
R8/FORS/128s/q2^44,128s,63,12,14,44,17592186044416,FORS target-coverage probability term,186.9776687348602445179161328548180652902072781029947973303336699421623849278789186441386031187751366,186.9776687348602445179161328548180652902072763891077235638225601908830999749327913027732782700866740,186.9776687348602445179161328548180652902072798168818710968447796934416698808250459855039279674635992,14,1.230129550924917357693118629484234874668126451266921002648978521654781101558988852992192374246128935E-98,2.375951985958784363978306669373023639671515577764373909963187319893855666134562350787644527387144908E-42,100,within_stated_signature_limit,security-terms.jsonl,13,False,False
R8/FORS/128s/q2^46,128s,63,12,14,46,70368744177664,FORS target-coverage probability term,184.9126302886209445504900490092798829525266463454202203605687039678945835252310955933141418350439980,184.9126302886209445504900490092798829525266463453261067452846161879738047513320258519341111734005672,184.9126302886209445504900490092798829525266463455143339758527917478153622991301653346941724966874288,16,2.826569181384181978395608231502892811112592228939199630378659085015634530235546067048537022958790672E-102,1.304691741729376419103426172118817543180375971358564284944633743653866468706004007220909275640543807E-46,100,within_stated_signature_limit,security-terms.jsonl,14,False,False
R8/FORS/128s/q2^48,128s,63,12,14,48,281474976710656,FORS target-coverage probability term,182.6777543921654519504972872068171380382749832183675992005525146624520021837600218837323573629613494,182.6777543921654519504972872068171380382749826360287162827444063029141635707880561203788872266173386,182.6777543921654519504972872068171380382749838007064821183606230219898407967319876470858274993053602,17,8.232801288451582920520496843044384455003459346000467759857580917771662118138101366489869386126154953E-98,8.072931096498135761432908986066906083626149697223969255881726002280917262009538706580056928821994354E-43,100,within_stated_signature_limit,security-terms.jsonl,15,False,False
R8/FORS/128s/q2^50,128s,63,12,14,50,1125899906842624,FORS target-coverage probability term,179.9928724308021693213748075706571237078635107647119932662891899317443227227303991283190760027318070,179.9928724308021693213748075706571237078635105206926255736719404183791400360631431978713517329426679,179.9928724308021693213748075706571237078635110087313609589064394451095054093976550587668002725209462,19,2.218329970621578197546808561442741548739293910650117430574199287517738804965144654052761317403076192E-97,3.382826734363165073319706998924262527697199074356323283577372387326031596374677265699336937387606217E-43,100,within_stated_signature_limit,security-terms.jsonl,16,False,False
R8/FORS/128s/q2^52,128s,63,12,14,52,4503599627370496,FORS target-coverage probability term,176.6266728521599909219360285888842806761189634528976343526025708999581783305191096188058149626829219,176.6266728521599909219360285888842806761189500300968613192648038289441393978333594067418455364777143,176.6266728521599909219360285888842806761189768756984073859403379709722172632048598308697843888881295,21,1.258264773228284949395024314250017216178176073571714260906067174327905375518290833537136888647043522E-94,1.860795302209182490266957013310740446194658337685941017601984506310703737101693269580900799428094807E-41,100,within_stated_signature_limit,security-terms.jsonl,17,False,False
R8/FORS/128s/q2^54,128s,63,12,14,54,18014398509481984,FORS target-coverage probability term,172.6746364185302611357419956178531096343210317647092480638027336249256030261806446703857713013865233,172.6746364185302611357419956178531096343210235388629266934280223051078525188927622706680652239498374,172.6746364185302611357419956178531096343210399905555694341774449447433535334685270701034773788232092,24,1.193413636372415996845512207415687558041582593375233159688025012008023834535844971297712552488560811E-93,1.140344437075454606066596166901626083535148380743249719626118792235147919498910239348117162375540373E-41,100,within_stated_signature_limit,security-terms.jsonl,18,False,False
R8/FORS/128s/q2^56,128s,63,12,14,56,72057594037927936,FORS target-coverage probability term,168.1179454687778185548052415753076128308499463291396118606645546557356477287077150512498749925774284,168.1179454687778185548052415753076128308499437718195457306725665266801126312370026455188625592853055,168.1179454687778185548052415753076128308499488864596779906565427847911828261784274569808874258695514,28,8.731646551224138441107477723461382045016464137648924123644834297345582148775738417617389770962915193E-93,3.545198387254753671404606389231264266410160063460656808182725301268590476929095751461358783272974009E-42,100,within_stated_signature_limit,security-terms.jsonl,19,False,False
R8/FORS/128s/q2^58,128s,63,12,14,58,288230376151711744,FORS target-coverage probability term,162.5698660550504589077612718751979839126696741990582132931160373729280362519802859182059641086937785,162.5698660550504589077612718751979839126696604550185823814989727590830434250431444636132687645864506,162.5698660550504589077612718751979839126696879430978442047331019867730290789174273727986594528011065,33,2.195653385953431664183323952398794850580403522201043745969430763847157623552832440270791808036150018E-90,1.905328463934107744270094125456098433763309464104150100346728217931780095543510018831386550812460547E-41,100,within_stated_signature_limit,security-terms.jsonl,20,False,False
R8/FORS/128s/q2^60,128s,63,12,14,60,1152921504606846976,FORS target-coverage probability term,155.5319874250277348011324750470848900763970308604155595222102780582287243203671878702270124426656172,155.5319874250277348011324750470848900763970305076484922164472312743774943250623396216834084709108830,155.5319874250277348011324750470848900763970312131826268279733248420799543156720361187706164144203515,41,7.405425056120691460410203838661062947615416639377856742778279005261210499205704522941811338596368546E-90,4.890389961947802365623391763910097555095227026638314708067654619895393089455043027618949539606133798E-43,100,within_stated_signature_limit,security-terms.jsonl,21,False,False
R8/FORS/128s/q2^62,128s,63,12,14,62,4611686018427387904,FORS target-coverage probability term,146.2847880368728902819356102089429387666564357467162437181800007630880822486536578580399182002021555,146.2847880368728902819356102089429387666564345001684195763428847329466194190344327054684353361438658,146.2847880368728902819356102089429387666564369932640678600171167932295450782728830106114010642604452,52,1.590212977117336978649641697271661985912310973844961557717955693980125466633317167129894973829300948E-86,1.728082219474097848176207573780729019741942664911538251448228508841792613077268411355040138923755730E-42,100,within_stated_signature_limit,security-terms.jsonl,22,False,False
R8/FORS/128s/q2^64,128s,63,12,14,64,18446744073709551616,FORS target-coverage probability term,133.7492992971961624438389173722141937752146989234395455463976569915223088919213894190139501397415268,133.7492992971961624438389173722141937752146938185995681627927526330617234571523058308042358625495039,133.7492992971961624438389173722141937752147040282795229300025613499828943266904730072236644169335498,70,3.866220345498779549751187428305906988872748280440065661116289605238259993143280100529221724120618958E-82,7.076810875066281436703511074216888979597502349493119042669385848562112499423831365503218033207562870E-42,100,within_stated_signature_limit,security-terms.jsonl,23,False,False
R8/FORS/128f/q2^20,128f,66,6,33,20,1048576,FORS target-coverage probability term,243.9999320267948863731004412929913443000941189345274348187197258179770748351452705835659673835533896,243.9999320267948863731004412929913443000941180933792760687173916691384496028038338935309802281133495,243.9999320267948863731004412929913443000941197756755935687220599668157000674867072736009545389934298,7,4.125052452897090263252650532397628776418499111602411538607808399951270586256785403796178197432751659E-116,1.166078949341506817851380669672939133773355911382577091271970576633284107564606491757429139744722095E-42,100,within_stated_signature_limit,security-terms.jsonl,24,False,False
R8/FORS/128f/q2^22,128f,66,6,33,22,4194304,FORS target-coverage probability term,241.9997281261965839299736105212533138892293495955087293438019682875917928860367337500439100517125952,241.9997281261965839299736105212533138892293495955087292567704402927577123471236362163738736076897533,241.9997281261965839299736105212533138892293495955087294308334962824258734249498312837139464957354371,8,1.707477370478963871600509072750627041318122195930556242537542427313547821613897428762662659278759977E-125,1.206513164988863867311247250213044580233697697106697371278880345888267075839723771730582133277227290E-52,100,within_stated_signature_limit,security-terms.jsonl,25,False,False
R8/FORS/128f/q2^24,128f,66,6,33,24,16777216,FORS target-coverage probability term,239.9989128118313786812467389513369713651593999047155576465323760218075938490563257884556653972227313,239.9989128118313786812467389513369713651593999047098571340544879919127366935171662515138923810797302,239.9989128118313786812467389513369713651593999047212581590102640517024510045954853253974384133657324,8,4.476078291865395194281446801590376703781643345228885870747568597384299833483121161323554252494248519E-120,7.902588303589751001287478692429739254928999466181352856420539464509151592363933593837147533477807072E-48,100,within_stated_signature_limit,security-terms.jsonl,26,False,False
R8/FORS/128f/q2^26,128f,66,6,33,26,67108864,FORS target-coverage probability term,237.9956561537207675596338922628199263889255030990518004549757511605745515547200654930369863453837027,237.9956561537207675596338922628199263889255027263047818950128272871782825632535545684725775693467871,237.9956561537207675596338922628199263889255034717988190149386750339708205461865764176013951214206184,8,1.173378956089498196009674352719971326012484659053767559782798217057901032422734418228387979907100615E-114,5.167370899539278124586170092635449059298242773692036862396601678718792298248102911428294540423325709E-43,100,within_stated_signature_limit,security-terms.jsonl,27,False,False
R8/FORS/128f/q2^28,128f,66,6,33,28,268435456,FORS target-coverage probability term,235.9827025338138657150020364392441385919749459005507909041203779021893945150407807985710320913125040,235.9827025338138657150020364392441385919749459005507820965726392022151326502790457775607549350156462,235.9827025338138657150020364392441385919749459005507997116681166021636563798025158195813092476093618,9,1.119021786530738747328930308585351200796475598199117125575773393818224952516614225125657071436463850E-121,1.220985376545401813887508262443117496058307573180246611464027126255945257174335931673889468079521079E-50,100,within_stated_signature_limit,security-terms.jsonl,28,False,False
R8/FORS/128f/q2^30,128f,66,6,33,30,1073741824,FORS target-coverage probability term,233.9320206031556410138520943259147452248629324544037977583480217012635677044399940179167002056848994,233.9320206031556410138520943259147452248629324521746533645347345189008068247196698524201258527087290,233.9320206031556410138520943259147452248629324566329421521613088836263285841603181834132745586610699,9,1.173379536349028101857020776713670924323993559753171767493420650055335525784933821943980204156036210E-115,3.090250303265376808628725729787272384138708263409675349113878533623293241622848548540621807538417766E-45,100,within_stated_signature_limit,security-terms.jsonl,29,False,False
R8/FORS/128f/q2^32,128f,66,6,33,32,4294967296,FORS target-coverage probability term,231.7454163260778167775151195286251452635123982872232846264589696234659447477825131211442501386914011,231.7454163260778167775151195286251452635123982872232819094434874793077449455055860845855290327729397,231.7454163260778167775151195286251452635123982872232873434744517676241445500594401577029712446098626,10,6.510673220282230050454771440924753344258309488213259420890566091101880569106249898403052607531661598E-121,3.766583241971887369014891177874687419463343887651649941110283122024969384670278517962417906152209484E-51,100,within_stated_signature_limit,security-terms.jsonl,30,False,False
R8/FORS/128f/q2^34,128f,66,6,33,34,17179869184,FORS target-coverage probability term,229.1746310312189925790164358784342824186245891101913074007790396954060269142543447727989178386598464,229.1746310312189925790164358784342824186245891082732193681977484802399056500164345121442447819689155,229.1746310312189925790164358784342824186245891121093954333603309105721481784922550334535908953507774,10,2.730774298845835784844541914495777588747375983727710588992655603851184708980515694186539608559647608E-114,2.659034623698989046888782603834307669116462261923411814956349774159493208620844526429836541208856149E-45,100,within_stated_signature_limit,security-terms.jsonl,31,False,False
R8/FORS/128f/q2^36,128f,66,6,33,36,68719476736,FORS target-coverage probability term,225.9684946732577865848156986913091677163219043864997309015071702941279551009184553645924584034486279,225.9684946732577865848156986913091677163219043864996632458509075385215317277863666107754974213942408,225.9684946732577865848156986913091677163219043864997985571634330497343784740505441184094193855030151,11,8.889239268268875764064765280188553302744768734005693918745535490286468187416172409287393223291891775E-118,9.379065477492371000285111763291992516100558701174680208706832911349563511276277587542625725489943154E-50,100,within_stated_signature_limit,security-terms.jsonl,32,False,False
R8/FORS/128f/q2^38,128f,66,6,33,38,274877906944,FORS target-coverage probability term,222.2602599988942805928119946731351983720327431017901329860990905881001180458126015405590692403253424,222.2602599988942805928119946731351983720327430149472688654260066116904913801797711082910190953947038,222.2602599988942805928119946731351983720327431886329971067721745645097447114454319728271193852559811,11,1.491366870048954845504825636299618859710736428148026406563356446744229933075923131175141458536290034E-110,1.203897728339899645617609099477248653263053607256523260663592461527551454960629036731664425994842072E-43,100,within_stated_signature_limit,security-terms.jsonl,33,False,False
R8/FORS/128f/q2^40,128f,66,6,33,40,1099511627776,FORS target-coverage probability term,218.3409885490388770565944426854743374089789854764067576822373358906428851504339668020085221750690973,218.3409885490388770565944426854743374089789854762963720568034213821567669415442858964925407397457159,218.3409885490388770565944426854743374089789854765171433076712503991290033593236477075245036103924788,12,2.868013182462322676403250442414641305969790458178191231119461259507178183307526375231742169987907825E-112,1.530269700877280622140937057013112723600440652292270299752085029033542216881602530502679050890623495E-46,100,within_stated_signature_limit,security-terms.jsonl,34,False,False
R8/FORS/128f/q2^42,128f,66,6,33,42,4398046511104,FORS target-coverage probability term,214.3519338778355321804152467059756682311746819321589431263997959770198603058212549269717932736129750,214.3519338778355321804152467059756682311746819321569569429904669097995978518712739878735262980328825,214.3519338778355321804152467059756682311746819321609293098091250442401227597712358660700602491930676,13,8.194323038055183603389252687831312527676897346043687133479871413925883167381393907940757994746768499E-113,2.753434860502765438902992720240360858304381499480811388324068478164490367252340233222952315588800495E-48,100,within_stated_signature_limit,security-terms.jsonl,35,False,False
R8/FORS/128f/q2^44,128f,66,6,33,44,17592186044416,FORS target-coverage probability term,210.3154085737824510467123508987349250205112272861442549736133109702352761638798149249574019483187212,210.3154085737824510467123508987349250205111947965743961647007128021766774247716496014433030912365592,210.3154085737824510467123508987349250205112597757141137825259091382938749029879802484715008054008833,13,2.199646476133129874069992614603672191105057975872342764150327204276041304990238063468638293811925090E-104,4.504010749047755634742039615596088707941222100912477496015461377073108455235604269313928097664709137E-41,100,within_stated_signature_limit,security-terms.jsonl,36,False,False
R8/FORS/128f/q2^46,128f,66,6,33,46,70368744177664,FORS target-coverage probability term,206.1597474066458072515858928209326644479168188137372933675733706956645276078774569286994117164729939,206.1597474066458072515858928209326644479167877027556700514468679697981948172677364726443994800286158,206.1597474066458072515858928209326644479168499247189166836998734215308603984871773847544239529173720,14,3.754060808912145306796334880827387538928182523482720233484201142542648988703698869956746665425462432E-103,4.312897839330768713045853496845042105617972613171379867856681926012128931217425392773033679642296395E-41,100,within_stated_signature_limit,security-terms.jsonl,37,False,False
R8/FORS/128f/q2^48,128f,66,6,33,48,281474976710656,FORS target-coverage probability term,201.6579675141399953945031050250759146622094820295703866927397415619390037549393142963208310805359611,201.6579675141399953945031050250759146622094820294915019738760914731703392690483760688397446456301753,201.6579675141399953945031050250759146622094820296492714116033916507076682408302525238019175154417470,16,2.156508887975286733642800390867268876526373397255629759979272251815400968710786989482277403199489245E-107,1.093574409392059836982947543740269022071261286318199157533099085028513483551969370774144259446184341E-46,100,within_stated_signature_limit,security-terms.jsonl,38,False,False
R8/FORS/128f/q2^50,128f,66,6,33,50,1125899906842624,FORS target-coverage probability term,196.5084410979474646534995959018894200339281151329943957914300292245117242065041809293751303696035893,196.5084410979474646534995959018894200339281151006280488727934015616448605321309409992610887769760863,196.5084410979474646534995959018894200339281151653607427100666568873785878808774208594891719622310923,17,3.140609715594134672277434963599454970311290509578515186810708185593676216697750630993145886322672331E-103,4.486928422335610409857524239090451934283374348979925124245036924542286021812934521169918751093194652E-44,100,within_stated_signature_limit,security-terms.jsonl,39,False,False
R8/FORS/128f/q2^52,128f,66,6,33,52,4503599627370496,FORS target-coverage probability term,190.6968761872367862301545455773604937672599266207783733102014934618803350934078516101403903250169015,190.6968761872367862301545455773604937672599266203901552185569978160338659780609612724481828745283742,190.6968761872367862301545455773604937672599266211665914018459891077268042087547419478325977755054289,19,2.115686989431941127755463435650122190084445606738102366533754567205542250498630534366933397818600853E-103,5.381845513314892377760065415754504077570588664852045244604141473278083608805974747740706575102028110E-46,100,within_stated_signature_limit,security-terms.jsonl,40,False,False
R8/FORS/128f/q2^54,128f,66,6,33,54,18014398509481984,FORS target-coverage probability term,184.2715271790109565683483326738539605459457656472645945725867844521028014737927128855426550838390301,184.2715271790109565683483326738539605459457079177677723095615179245681004185739682262368739957669501,184.2715271790109565683483326738539605459458233767614168356120509796375025290114575448484361719111101,20,2.703934712305723482923501154691267301604560335694905624892383517787949810789433908648391456309228158E-96,8.003007591499187628481099452479000090983152507254116790286029920406523453410810585880459929421496402E-41,100,within_stated_signature_limit,security-terms.jsonl,41,False,False
R8/FORS/128f/q2^56,128f,66,6,33,56,72057594037927936,FORS target-coverage probability term,176.9789345483484139411322711794576797524134034816519450076951440959577578012444579548404650399288755,176.9789345483484139411322711794576797524134033575434898900724619826347609714629931558643258705648806,176.9789345483484139411322711794576797524134036057604001253178262092807546310259227538166042092928705,23,9.113578245861444708017074177098652411232188958874915755935681079364156751435849015316433000223573590E-97,1.720508514968613554260363475653759659782582063083332150895862430431290511623818616076065914668534388E-43,100,within_stated_signature_limit,security-terms.jsonl,42,False,False
R8/FORS/128f/q2^58,128f,66,6,33,58,288230376151711744,FORS target-coverage probability term,168.5285195878496057064084788171791238214566878104764022725951895073047410518371787321493879742012145,168.5285195878496057064084788171791238214566874722647365432867757829619030410061440412143003533605634,168.5285195878496057064084788171791238214566881486880680019036032316475790626682134230844755950418657,26,8.687694072120385621463443822408704569951450792928378049297057291382590311262418584101519648325080793E-94,4.688609250655056122772332327874487080254140878120138993793423021947117982117726490026729996339836568E-43,100,within_stated_signature_limit,security-terms.jsonl,43,False,False
R8/FORS/128f/q2^60,128f,66,6,33,60,1152921504606846976,FORS target-coverage probability term,158.5561151311876413832999239897259376460076167492523761402345712022300640196332511817647510660903261,158.5561151311876413832999239897259376460076162759667294918372705334904435246779981156611070178555376,158.5561151311876413832999239897259376460076172225380227886318718709696845145885042478683951143251146,30,1.221327511471319091492714228418233034726349168293326998214924400378607202214732415720419755289835621E-90,6.561132231476542366668411947697749832738769324287608756371922329869836023438804059048200502059426146E-43,100,within_stated_signature_limit,security-terms.jsonl,44,False,False
R8/FORS/128f/q2^62,128f,66,6,33,62,4611686018427387904,FORS target-coverage probability term,146.4712711108062460189459238385304762980116277427098497219041029928474044713231783066473170541425257,146.4712711108062460189459238385304762980116176234823555107866172704026400828957134911364645668101553,146.4712711108062460189459238385304762980116378619373439330215887152921688597506431221581695414748961,35,1.134375162381276035012478721326270590680196185856343726658074168381300282216714515974472265134459069E-85,1.402822801411423276037321899569474607784640990560942025492207247063446429478547192135411723746186998E-41,100,within_stated_signature_limit,security-terms.jsonl,45,False,False
R8/FORS/128f/q2^64,128f,66,6,33,64,18446744073709551616,FORS target-coverage probability term,131.3648631832963904528742843910524717088129029744476667284604492285166384354515882013061184978073532,131.3648631832963904528742843910524717088129005669228604214743412722304927720124141020550347067987462,131.3648631832963904528742843910524717088129053819724730354465571848027840988907623005572022888159602,43,9.520549883378838170320508827201396471864918061565414216631176368469527719750189351652518931500129762E-82,3.337538063239631715252604945233243082407886348657329308327372648631019563889940792286030138824466033E-42,100,within_stated_signature_limit,security-terms.jsonl,46,False,False
R8/FORS/128-24/q2^20,128-24,22,24,6,20,1048576,FORS target-coverage probability term,142.0504500547834590305017365197566028955975731828327902780060074594150631920735671850732710654930339,142.0504500547834590305017365197566028955975511779126947996790349212709858898623369903704867323238215,142.0504500547834590305017365197566028955975951877528857563329799975591404942847973797760553986622463,44,5.283587311313344010668054302255282127921488714144326377707732006920423296673121274475032429144283446E-84,3.050529664525536976739366560602143792806198696817044465259887678237265545083320496612951273202712873E-41,100,within_stated_signature_limit,security-terms.jsonl,47,False,False
R8/FORS/128-24/q2^21,128-24,22,24,6,21,2097152,FORS target-coverage probability term,139.4122251142295613357588046836668469781308212871379464142184866008739199494172894014808001593727244,139.4122251142295613357588046836668469781308201599990733447838935201350246898307354856231651701898164,139.4122251142295613357588046836668469781308224142768194836530796816128152090038433173384351485556325,51,1.684889264659645279407345673156767266079665405940217362510822659168105511287777797309821526324453028E-84,1.562546263935185314850833104864239973232864065881121436950917516852260810848042538900552106009862389E-42,100,within_stated_signature_limit,security-terms.jsonl,48,False,False
R8/FORS/128-24/q2^22,128-24,22,24,6,22,4194304,FORS target-coverage probability term,136.3346663897542672345089846974761184940806002917592454825491089333700137827301568471610971228308181,136.3346663897542672345089846974761184940805967303550297822276149935550295756741047564283758485171426,136.3346663897542672345089846974761184940806038531634611828706028731849979897862089378938183971444936,59,4.494203079624203682014868784818354352071686963450947270613181239252925884804525247076366016239936116E-83,4.937154581893962308275842505270150731441739744843890414739459746258530532846929947847456834300990990E-42,100,within_stated_signature_limit,security-terms.jsonl,49,False,False
R8/FORS/128-24/q2^23,128-24,22,24,6,23,8388608,FORS target-coverage probability term,132.7532616634676429175569179700448490436445843580431694838915061318869742348407965103990313747856889,132.7532616634676429175569179700448490436445817993192999341803825674798871994437313402608847771765072,132.7532616634676429175569179700448490436445869167670390336026296962940612702378616805371779723948706,70,3.865138799585949137821131369335657178140461141074938265380904581479265323755066285859088725023479660E-82,3.547144472019631127923141590027019503760013837273180187577950602328316951496574886956045360812699553E-42,100,within_stated_signature_limit,security-terms.jsonl,50,False,False
R8/FORS/128-24/q2^24,128-24,22,24,6,24,16777216,FORS target-coverage probability term,128.6297238528053150299034708776126389280923311378363860540648635686488106259458383319280434640274805,128.6297238528053150299034708776126389280922923658385380656673626386356970817112497634606730094130541,128.6297238528053150299034708776126389280923699098342340424623644986619241701804269003954139186419070,84,1.020865255193755812827497660245384999272111448872460293763780257354312940900405965959253373183216588E-79,5.374940198601884946440961429875469114937824745565393449890273065735433806352454071509780414654923751E-41,100,within_stated_signature_limit,security-terms.jsonl,51,False,False
R8/FORS/128-24/q2^25,128-24,22,24,6,25,33554432,FORS target-coverage probability term,123.9735557012611441483387212953905446073741276503806132325922391705643005908723091774635527329312346,123.9735557012611441483387212953905446073741021930105017200722426688923591640735107408485647976612313,123.9735557012611441483387212953905446073741531077507247451122356722362420176711076140785406682012380,105,1.690090879471383092375595230420382033400089275689765428612214966772697162593922123561595873103795172E-78,3.529140863453184750861723755333452816787764388331894944342596873154135920794857781345328111238288117E-41,100,mathematical_extrapolation_beyond_strict_draft_limit,security-terms.jsonl,52,False,False
R8/FORS/128-24/q2^26,128-24,22,24,6,26,67108864,FORS target-coverage probability term,118.8534461396673226434759383223320994698496051203735194329616807217232924984946506943335340904701985,118.8534461396673226434759383223320994698495949783893280951683312088294718771003588313738080700674501,118.8534461396673226434759383223320994698496152623577107707550302346171131198889425572932601108729469,136,2.341671713698702154732811950198152598700228181370400364779703737954899383943354157281736795449656590E-77,1.405977549501865672752186825164288897577015951791736363425883138698873184501112623290661388330319124E-41,100,mathematical_extrapolation_beyond_strict_draft_limit,security-terms.jsonl,53,False,False
R8/FORS/128-24/q2^27,128-24,22,24,6,27,134217728,FORS target-coverage probability term,113.3817683549320513925541437350129208151666018584492024240479026450056916047404059221039132547638036,113.3817683549320513925541437350129208151665676017621449652658738585733197172118930306847367111791515,113.3817683549320513925541437350129208151666361151362598828299314314380634922689188135230897983484558,182,3.509842114577560352496450161825241632834582491808848808251633984707843175126920970638164722588397240E-75,4.748985209840384792697208618763881048187024799571994854897916930676555085926404026554085750284107993E-41,100,mathematical_extrapolation_beyond_strict_draft_limit,security-terms.jsonl,54,False,False
R8/FORS/128-24/q2^28,128-24,22,24,6,28,268435456,FORS target-coverage probability term,107.6774097273673488161772045170013334043143978622638634715365858971162456332486945088050507714407763,107.6774097273673488161772045170013334043143698918545881805088434431830134306556956965137447504760753,107.6774097273673488161772045170013334043144258326731387625643283510494778358416933210963567924054774,256,1.494252855974853573137673356249477009838966401833572017696755703395706643371708274273435086060328370E-73,3.877522065655143807032632778793717422891956978550554709086574171799573674364926109097359406582334266E-41,100,mathematical_extrapolation_beyond_strict_draft_limit,security-terms.jsonl,55,False,False
R8/FORS/128-24/q2^29,128-24,22,24,6,29,536870912,FORS target-coverage probability term,101.8349934812584549801798644025025233337769173698689958869051331384195166563663556941950664467468193,101.8349934812584549801798644025025233337768524741815562935989155262957461155907107738264185617039581,101.8349934812584549801798644025025233337769822655564354802113507505432871971420006145637143317896806,377,1.989223805419516457940564785133436267842065285848490537356071938662180788236013762272659430969216618E-71,8.996452555850711266964273590724401096936590681629504761099934514706468225233632753920759353882121153E-41,100,mathematical_extrapolation_beyond_strict_draft_limit,security-terms.jsonl,56,False,False
R8/FORS/128-24/q2^30,128-24,22,24,6,30,1073741824,FORS target-coverage probability term,95.9165599189976113922327973519504631893517474239284732500871786428882664113664977782512064561291838,95.91655991899761139223279735195046318935169041235330975770656272973860189992013634312339453556879524,95.91655991899761139223279735195046318935180443550363674246779455603793092281285921337901837668957236,585,1.056955931765314815319996087167415283457547700560348931108420287575163880320325095581598804304668794E-69,7.903482516771229334138477970226673921982755720911431580176380947878787001624172916455227420002324814E-41,100,mathematical_extrapolation_beyond_strict_draft_limit,security-terms.jsonl,57,False,False
R8/FORS/128-24/q2^31,128-24,22,24,6,31,2147483648,FORS target-coverage probability term,89.95812578263310631787053835835505519135477628879472400676878801295922220302133903491513989842811235,89.95812578263310631787053835835505519135471783616467113143423185400286324748717131819914119085224315,89.95812578263310631787053835835505519135483474142477688210334417191558115855550675163113860600398159,952,6.738532064827971286833056088870344914994478218482402487813429586731330537738982293267461366236445608E-68,8.103255143492813012073282524050208868669011503010753323489101326485440247576904735386472639902104707E-41,100,mathematical_extrapolation_beyond_strict_draft_limit,security-terms.jsonl,58,False,False
R8/FORS/128-24/q2^32,128-24,22,24,6,32,4294967296,FORS target-coverage probability term,83.97919725981192061144887052077668560998049283756082840833736343580291462975504862569950575896355675,83.97919725981192061144887052077668560998044498553433853492949770872257734831028289642356202521242401,83.97919725981192061144887052077668560998054068958731828174522916288325191119981435497544949271468952,1619,3.479352291729139084161893281847800716617229454181753715734925212642614614983239191587976574719132459E-66,6.633699449107113799646459530424081414544500671680675122379784957091868684736732935127043169500077178E-41,100,mathematical_extrapolation_beyond_strict_draft_limit,security-terms.jsonl,59,False,False
