n,lgw,len1,len2,wots_len,chain_steps,message_count,population,uniform_probability_exact,basis,final
16,2,64,4,68,3,1,340282366920938463463374607431768211456,1/340282366920938463463374607431768211456,exact enumeration by digit-sum dynamic programming,False
16,2,64,4,68,12,814320,340282366920938463463374607431768211456,814320/340282366920938463463374607431768211456,exact enumeration by digit-sum dynamic programming,False
16,2,64,4,68,15,11916083400,340282366920938463463374607431768211456,11916083400/340282366920938463463374607431768211456,exact enumeration by digit-sum dynamic programming,False
16,2,64,4,68,18,30245826491920,340282366920938463463374607431768211456,30245826491920/340282366920938463463374607431768211456,exact enumeration by digit-sum dynamic programming,False
16,2,64,4,68,21,24966643398826740,340282366920938463463374607431768211456,24966643398826740/340282366920938463463374607431768211456,exact enumeration by digit-sum dynamic programming,False
16,2,64,4,68,27,9047718269639957232,340282366920938463463374607431768211456,9047718269639957232/340282366920938463463374607431768211456,exact enumeration by digit-sum dynamic programming,False
16,2,64,4,68,30,1712915627414633831800,340282366920938463463374607431768211456,1712915627414633831800/340282366920938463463374607431768211456,exact enumeration by digit-sum dynamic programming,False
16,2,64,4,68,33,189551815143562954277520,340282366920938463463374607431768211456,189551815143562954277520/340282366920938463463374607431768211456,exact enumeration by digit-sum dynamic programming,False
16,2,64,4,68,36,13252570882703023058426850,340282366920938463463374607431768211456,13252570882703023058426850/340282366920938463463374607431768211456,exact enumeration by digit-sum dynamic programming,False
16,2,64,4,68,42,619488712597403217613525520,340282366920938463463374607431768211456,619488712597403217613525520/340282366920938463463374607431768211456,exact enumeration by digit-sum dynamic programming,False
16,2,64,4,68,45,20205566806175059809790539288,340282366920938463463374607431768211456,20205566806175059809790539288/340282366920938463463374607431768211456,exact enumeration by digit-sum dynamic programming,False
16,2,64,4,68,48,475324562631119847027046944240,340282366920938463463374607431768211456,475324562631119847027046944240/340282366920938463463374607431768211456,exact enumeration by digit-sum dynamic programming,False
16,2,64,4,68,51,8278944262728126985905841621220,340282366920938463463374607431768211456,8278944262728126985905841621220/340282366920938463463374607431768211456,exact enumeration by digit-sum dynamic programming,False
16,2,64,4,68,57,109039899405198446843927587263120,340282366920938463463374607431768211456,109039899405198446843927587263120/340282366920938463463374607431768211456,exact enumeration by digit-sum dynamic programming,False
16,2,64,4,68,60,1104797415579059955964593018335400,340282366920938463463374607431768211456,1104797415579059955964593018335400/340282366920938463463374607431768211456,exact enumeration by digit-sum dynamic programming,False
16,2,64,4,68,63,8733658103583770157220889135828720,340282366920938463463374607431768211456,8733658103583770157220889135828720/340282366920938463463374607431768211456,exact enumeration by digit-sum dynamic programming,False
16,2,64,4,68,66,54499073722541922572980046219871375,340282366920938463463374607431768211456,54499073722541922572980046219871375/340282366920938463463374607431768211456,exact enumeration by digit-sum dynamic programming,False
16,2,64,4,68,75,271051825221666206863025889111024480,340282366920938463463374607431768211456,271051825221666206863025889111024480/340282366920938463463374607431768211456,exact enumeration by digit-sum dynamic programming,False
16,2,64,4,68,78,1083052226996364663000659256759635280,340282366920938463463374607431768211456,1083052226996364663000659256759635280/340282366920938463463374607431768211456,exact enumeration by digit-sum dynamic programming,False
16,2,64,4,68,81,3499659083597462074434359654663052960,340282366920938463463374607431768211456,3499659083597462074434359654663052960/340282366920938463463374607431768211456,exact enumeration by digit-sum dynamic programming,False
16,2,64,4,68,84,9193722972877073103879944184670611432,340282366920938463463374607431768211456,9193722972877073103879944184670611432/340282366920938463463374607431768211456,exact enumeration by digit-sum dynamic programming,False
16,2,64,4,68,90,19718951935810879054483274577828323680,340282366920938463463374607431768211456,19718951935810879054483274577828323680/340282366920938463463374607431768211456,exact enumeration by digit-sum dynamic programming,False
16,2,64,4,68,93,34642947799573504282983551183073246000,340282366920938463463374607431768211456,34642947799573504282983551183073246000/340282366920938463463374607431768211456,exact enumeration by digit-sum dynamic programming,False
16,2,64,4,68,96,49969531808424579468801638822987352480,340282366920938463463374607431768211456,49969531808424579468801638822987352480/340282366920938463463374607431768211456,exact enumeration by digit-sum dynamic programming,False
16,2,64,4,68,99,59266468923481258700928494455766791900,340282366920938463463374607431768211456,59266468923481258700928494455766791900/340282366920938463463374607431768211456,exact enumeration by digit-sum dynamic programming,False
16,2,64,4,68,105,57839985043746913682386808644832968736,340282366920938463463374607431768211456,57839985043746913682386808644832968736/340282366920938463463374607431768211456,exact enumeration by digit-sum dynamic programming,False
16,2,64,4,68,108,46442930321827153816018475065790502320,340282366920938463463374607431768211456,46442930321827153816018475065790502320/340282366920938463463374607431768211456,exact enumeration by digit-sum dynamic programming,False
16,2,64,4,68,111,30654507571265444930592958008704781280,340282366920938463463374607431768211456,30654507571265444930592958008704781280/340282366920938463463374607431768211456,exact enumeration by digit-sum dynamic programming,False
16,2,64,4,68,114,16603837466364602330727492968616998760,340282366920938463463374607431768211456,16603837466364602330727492968616998760/340282366920938463463374607431768211456,exact enumeration by digit-sum dynamic programming,False
16,2,64,4,68,120,7361156488827809089028586710542874400,340282366920938463463374607431768211456,7361156488827809089028586710542874400/340282366920938463463374607431768211456,exact enumeration by digit-sum dynamic programming,False
16,2,64,4,68,123,2661904790174119676551676874278972880,340282366920938463463374607431768211456,2661904790174119676551676874278972880/340282366920938463463374607431768211456,exact enumeration by digit-sum dynamic programming,False
16,2,64,4,68,126,781622890357636448257262190533445600,340282366920938463463374607431768211456,781622890357636448257262190533445600/340282366920938463463374607431768211456,exact enumeration by digit-sum dynamic programming,False
16,2,64,4,68,129,185320294512965706959068588152045615,340282366920938463463374607431768211456,185320294512965706959068588152045615/340282366920938463463374607431768211456,exact enumeration by digit-sum dynamic programming,False
16,2,64,4,68,138,35235330977121557366612090019503280,340282366920938463463374607431768211456,35235330977121557366612090019503280/340282366920938463463374607431768211456,exact enumeration by digit-sum dynamic programming,False
16,2,64,4,68,141,5327573337410865685209950461331560,340282366920938463463374607431768211456,5327573337410865685209950461331560/340282366920938463463374607431768211456,exact enumeration by digit-sum dynamic programming,False
16,2,64,4,68,144,634136179672907824885689047750224,340282366920938463463374607431768211456,634136179672907824885689047750224/340282366920938463463374607431768211456,exact enumeration by digit-sum dynamic programming,False
16,2,64,4,68,147,58698699916386774244940704496420,340282366920938463463374607431768211456,58698699916386774244940704496420/340282366920938463463374607431768211456,exact enumeration by digit-sum dynamic programming,False
16,2,64,4,68,153,4163255151809569895156427295920,340282366920938463463374607431768211456,4163255151809569895156427295920/340282366920938463463374607431768211456,exact enumeration by digit-sum dynamic programming,False
16,2,64,4,68,156,222202981161843118577649214680,340282366920938463463374607431768211456,222202981161843118577649214680/340282366920938463463374607431768211456,exact enumeration by digit-sum dynamic programming,False
16,2,64,4,68,159,8728099279799548852294032080,340282366920938463463374607431768211456,8728099279799548852294032080/340282366920938463463374607431768211456,exact enumeration by digit-sum dynamic programming,False
16,2,64,4,68,162,245411367310422703115449698,340282366920938463463374607431768211456,245411367310422703115449698/340282366920938463463374607431768211456,exact enumeration by digit-sum dynamic programming,False
16,2,64,4,68,168,4768555388539846218678480,340282366920938463463374607431768211456,4768555388539846218678480/340282366920938463463374607431768211456,exact enumeration by digit-sum dynamic programming,False
16,2,64,4,68,171,61172452737964918267320,340282366920938463463374607431768211456,61172452737964918267320/340282366920938463463374607431768211456,exact enumeration by digit-sum dynamic programming,False
16,2,64,4,68,174,487402675563045485360,340282366920938463463374607431768211456,487402675563045485360/340282366920938463463374607431768211456,exact enumeration by digit-sum dynamic programming,False
16,2,64,4,68,177,2215863597254539700,340282366920938463463374607431768211456,2215863597254539700/340282366920938463463374607431768211456,exact enumeration by digit-sum dynamic programming,False
16,2,64,4,68,183,5076023404064080,340282366920938463463374607431768211456,5076023404064080/340282366920938463463374607431768211456,exact enumeration by digit-sum dynamic programming,False
16,2,64,4,68,186,4811886011400,340282366920938463463374607431768211456,4811886011400/340282366920938463463374607431768211456,exact enumeration by digit-sum dynamic programming,False
16,2,64,4,68,189,1326776880,340282366920938463463374607431768211456,1326776880/340282366920938463463374607431768211456,exact enumeration by digit-sum dynamic programming,False
16,2,64,4,68,192,47905,340282366920938463463374607431768211456,47905/340282366920938463463374607431768211456,exact enumeration by digit-sum dynamic programming,False
16,3,43,3,46,14,1548172,340282366920938463463374607431768211456,1548172/340282366920938463463374607431768211456,exact enumeration by digit-sum dynamic programming,False
16,3,43,3,46,21,1530468385548,340282366920938463463374607431768211456,1530468385548/340282366920938463463374607431768211456,exact enumeration by digit-sum dynamic programming,False
16,3,43,3,46,28,30823022412093464,340282366920938463463374607431768211456,30823022412093464/340282366920938463463374607431768211456,exact enumeration by digit-sum dynamic programming,False
16,3,43,3,46,35,80220476572181604344,340282366920938463463374607431768211456,80220476572181604344/340282366920938463463374607431768211456,exact enumeration by digit-sum dynamic programming,False
16,3,43,3,46,42,55203706163831490732348,340282366920938463463374607431768211456,55203706163831490732348/340282366920938463463374607431768211456,exact enumeration by digit-sum dynamic programming,False
16,3,43,3,46,49,14451377164378086343217884,340282366920938463463374607431768211456,14451377164378086343217884/340282366920938463463374607431768211456,exact enumeration by digit-sum dynamic programming,False
16,3,43,3,46,63,1779518326653698901066344768,340282366920938463463374607431768211456,1779518326653698901066344768/340282366920938463463374607431768211456,exact enumeration by digit-sum dynamic programming,False
16,3,43,3,46,70,118031761558208671029369669696,340282366920938463463374607431768211456,118031761558208671029369669696/340282366920938463463374607431768211456,exact enumeration by digit-sum dynamic programming,False
16,3,43,3,46,77,4623941749792282850901814313968,340282366920938463463374607431768211456,4623941749792282850901814313968/340282366920938463463374607431768211456,exact enumeration by digit-sum dynamic programming,False
16,3,43,3,46,84,114242031068334351611640014679792,340282366920938463463374607431768211456,114242031068334351611640014679792/340282366920938463463374607431768211456,exact enumeration by digit-sum dynamic programming,False
16,3,43,3,46,91,1868132314267492154421124499420576,340282366920938463463374607431768211456,1868132314267492154421124499420576/340282366920938463463374607431768211456,exact enumeration by digit-sum dynamic programming,False
16,3,43,3,46,98,20968683897209963944178398950562848,340282366920938463463374607431768211456,20968683897209963944178398950562848/340282366920938463463374607431768211456,exact enumeration by digit-sum dynamic programming,False
16,3,43,3,46,105,166126393689563074490188521170469104,340282366920938463463374607431768211456,166126393689563074490188521170469104/340282366920938463463374607431768211456,exact enumeration by digit-sum dynamic programming,False
16,3,43,3,46,112,949260659893062543559807250250273904,340282366920938463463374607431768211456,949260659893062543559807250250273904/340282366920938463463374607431768211456,exact enumeration by digit-sum dynamic programming,False
16,3,43,3,46,126,3978053712931134027130837610543271616,340282366920938463463374607431768211456,3978053712931134027130837610543271616/340282366920938463463374607431768211456,exact enumeration by digit-sum dynamic programming,False
16,3,43,3,46,133,12384151747725861707602046293263479744,340282366920938463463374607431768211456,12384151747725861707602046293263479744/340282366920938463463374607431768211456,exact enumeration by digit-sum dynamic programming,False
16,3,43,3,46,140,28917067299211212463481569998092609448,340282366920938463463374607431768211456,28917067299211212463481569998092609448/340282366920938463463374607431768211456,exact enumeration by digit-sum dynamic programming,False
16,3,43,3,46,147,50995312850724983488397677868191606696,340282366920938463463374607431768211456,50995312850724983488397677868191606696/340282366920938463463374607431768211456,exact enumeration by digit-sum dynamic programming,False
16,3,43,3,46,154,68224500512103312675201072648293048208,340282366920938463463374607431768211456,68224500512103312675201072648293048208/340282366920938463463374607431768211456,exact enumeration by digit-sum dynamic programming,False
16,3,43,3,46,161,69400968256729384173408949973776838864,340282366920938463463374607431768211456,69400968256729384173408949973776838864/340282366920938463463374607431768211456,exact enumeration by digit-sum dynamic programming,False
16,3,43,3,46,168,53686242947420048561852780733255490696,340282366920938463463374607431768211456,53686242947420048561852780733255490696/340282366920938463463374607431768211456,exact enumeration by digit-sum dynamic programming,False
16,3,43,3,46,175,31518732623618944645201996789223631944,340282366920938463463374607431768211456,31518732623618944645201996789223631944/340282366920938463463374607431768211456,exact enumeration by digit-sum dynamic programming,False
16,3,43,3,46,189,13984952145461583890445749940193760448,340282366920938463463374607431768211456,13984952145461583890445749940193760448/340282366920938463463374607431768211456,exact enumeration by digit-sum dynamic programming,False
16,3,43,3,46,196,4658880180788317939025163624318379456,340282366920938463463374607431768211456,4658880180788317939025163624318379456/340282366920938463463374607431768211456,exact enumeration by digit-sum dynamic programming,False
16,3,43,3,46,203,1154533075556862065532199589390222768,340282366920938463463374607431768211456,1154533075556862065532199589390222768/340282366920938463463374607431768211456,exact enumeration by digit-sum dynamic programming,False
16,3,43,3,46,210,210208919789595493575530758399123120,340282366920938463463374607431768211456,210208919789595493575530758399123120/340282366920938463463374607431768211456,exact enumeration by digit-sum dynamic programming,False
16,3,43,3,46,217,27668651943695236043342550258911136,340282366920938463463374607431768211456,27668651943695236043342550258911136/340282366920938463463374607431768211456,exact enumeration by digit-sum dynamic programming,False
16,3,43,3,46,224,2578312578981917732134745863533088,340282366920938463463374607431768211456,2578312578981917732134745863533088/340282366920938463463374607431768211456,exact enumeration by digit-sum dynamic programming,False
16,3,43,3,46,231,165561295394234149465923166061616,340282366920938463463374607431768211456,165561295394234149465923166061616/340282366920938463463374607431768211456,exact enumeration by digit-sum dynamic programming,False
16,3,43,3,46,238,7072488058466431525190027822000,340282366920938463463374607431768211456,7072488058466431525190027822000/340282366920938463463374607431768211456,exact enumeration by digit-sum dynamic programming,False
16,3,43,3,46,252,191848127268049245015360423744,340282366920938463463374607431768211456,191848127268049245015360423744/340282366920938463463374607431768211456,exact enumeration by digit-sum dynamic programming,False
16,3,43,3,46,259,3102746002596566610685690432,340282366920938463463374607431768211456,3102746002596566610685690432/340282366920938463463374607431768211456,exact enumeration by digit-sum dynamic programming,False
16,3,43,3,46,266,27395167801635678137018156,340282366920938463463374607431768211456,27395167801635678137018156/340282366920938463463374607431768211456,exact enumeration by digit-sum dynamic programming,False
16,3,43,3,46,273,116099474012418650664876,340282366920938463463374607431768211456,116099474012418650664876/340282366920938463463374607431768211456,exact enumeration by digit-sum dynamic programming,False
16,3,43,3,46,280,193383532627298711320,340282366920938463463374607431768211456,193383532627298711320/340282366920938463463374607431768211456,exact enumeration by digit-sum dynamic programming,False
16,3,43,3,46,287,90293871771137272,340282366920938463463374607431768211456,90293871771137272/340282366920938463463374607431768211456,exact enumeration by digit-sum dynamic programming,False
16,3,43,3,46,294,6163561022748,340282366920938463463374607431768211456,6163561022748/340282366920938463463374607431768211456,exact enumeration by digit-sum dynamic programming,False
16,3,43,3,46,301,12435644,340282366920938463463374607431768211456,12435644/340282366920938463463374607431768211456,exact enumeration by digit-sum dynamic programming,False
16,4,32,3,35,15,1,340282366920938463463374607431768211456,1/340282366920938463463374607431768211456,exact enumeration by digit-sum dynamic programming,False
16,4,32,3,35,30,2254848913614,340282366920938463463374607431768211456,2254848913614/340282366920938463463374607431768211456,exact enumeration by digit-sum dynamic programming,False
16,4,32,3,35,45,1832549730928440711,340282366920938463463374607431768211456,1832549730928440711/340282366920938463463374607431768211456,exact enumeration by digit-sum dynamic programming,False
16,4,32,3,35,60,21849767245480805372588,340282366920938463463374607431768211456,21849767245480805372588/340282366920938463463374607431768211456,exact enumeration by digit-sum dynamic programming,False
16,4,32,3,35,75,28979677378758762837709605,340282366920938463463374607431768211456,28979677378758762837709605/340282366920938463463374607431768211456,exact enumeration by digit-sum dynamic programming,False
16,4,32,3,35,90,9516177421749843699831354378,340282366920938463463374607431768211456,9516177421749843699831354378/340282366920938463463374607431768211456,exact enumeration by digit-sum dynamic programming,False
16,4,32,3,35,105,1147372352901105704548220959067,340282366920938463463374607431768211456,1147372352901105704548220959067/340282366920938463463374607431768211456,exact enumeration by digit-sum dynamic programming,False
16,4,32,3,35,120,63435296062597168212306342656568,340282366920938463463374607431768211456,63435296062597168212306342656568/340282366920938463463374607431768211456,exact enumeration by digit-sum dynamic programming,False
16,4,32,3,35,135,1845442889910040213408647762319149,340282366920938463463374607431768211456,1845442889910040213408647762319149/340282366920938463463374607431768211456,exact enumeration by digit-sum dynamic programming,False
16,4,32,3,35,150,30938376766508585714188128630740830,340282366920938463463374607431768211456,30938376766508585714188128630740830/340282366920938463463374607431768211456,exact enumeration by digit-sum dynamic programming,False
16,4,32,3,35,165,318259447679736079021993916610752427,340282366920938463463374607431768211456,318259447679736079021993916610752427/340282366920938463463374607431768211456,exact enumeration by digit-sum dynamic programming,False
16,4,32,3,35,180,2100319105729681768585104933083982420,340282366920938463463374607431768211456,2100319105729681768585104933083982420/340282366920938463463374607431768211456,exact enumeration by digit-sum dynamic programming,False
16,4,32,3,35,195,9180613917600609982976911526541916369,340282366920938463463374607431768211456,9180613917600609982976911526541916369/340282366920938463463374607431768211456,exact enumeration by digit-sum dynamic programming,False
16,4,32,3,35,210,27189602174460926093185454691003523818,340282366920938463463374607431768211456,27189602174460926093185454691003523818/340282366920938463463374607431768211456,exact enumeration by digit-sum dynamic programming,False
16,4,32,3,35,225,55417396096373650492377796226302855647,340282366920938463463374607431768211456,55417396096373650492377796226302855647/340282366920938463463374607431768211456,exact enumeration by digit-sum dynamic programming,False
16,4,32,3,35,255,78492764886786920006558813642276242192,340282366920938463463374607431768211456,78492764886786920006558813642276242192/340282366920938463463374607431768211456,exact enumeration by digit-sum dynamic programming,False
16,4,32,3,35,270,77618050605002023722840340629468283635,340282366920938463463374607431768211456,77618050605002023722840340629468283635/340282366920938463463374607431768211456,exact enumeration by digit-sum dynamic programming,False
16,4,32,3,35,285,53577361108698162127369090719584533434,340282366920938463463374607431768211456,53577361108698162127369090719584533434/340282366920938463463374607431768211456,exact enumeration by digit-sum dynamic programming,False
16,4,32,3,35,300,25688767283293279706616266081942106693,340282366920938463463374607431768211456,25688767283293279706616266081942106693/340282366920938463463374607431768211456,exact enumeration by digit-sum dynamic programming,False
16,4,32,3,35,315,8469800594116087013404319042699708052,340282366920938463463374607431768211456,8469800594116087013404319042699708052/340282366920938463463374607431768211456,exact enumeration by digit-sum dynamic programming,False
16,4,32,3,35,330,1889858950981755025846739012427734847,340282366920938463463374607431768211456,1889858950981755025846739012427734847/340282366920938463463374607431768211456,exact enumeration by digit-sum dynamic programming,False
16,4,32,3,35,345,278824337947505425520686056400502830,340282366920938463463374607431768211456,278824337947505425520686056400502830/340282366920938463463374607431768211456,exact enumeration by digit-sum dynamic programming,False
16,4,32,3,35,360,26328339264704624596010071656330465,340282366920938463463374607431768211456,26328339264704624596010071656330465/340282366920938463463374607431768211456,exact enumeration by digit-sum dynamic programming,False
16,4,32,3,35,375,1520423097155539400295589718043960,340282366920938463463374607431768211456,1520423097155539400295589718043960/340282366920938463463374607431768211456,exact enumeration by digit-sum dynamic programming,False
16,4,32,3,35,390,50359576889685586576385409466015,340282366920938463463374607431768211456,50359576889685586576385409466015/340282366920938463463374607431768211456,exact enumeration by digit-sum dynamic programming,False
16,4,32,3,35,405,871597358373590092859107171866,340282366920938463463374607431768211456,871597358373590092859107171866/340282366920938463463374607431768211456,exact enumeration by digit-sum dynamic programming,False
16,4,32,3,35,420,6842623777958042615836396233,340282366920938463463374607431768211456,6842623777958042615836396233/340282366920938463463374607431768211456,exact enumeration by digit-sum dynamic programming,False
16,4,32,3,35,435,19367826186182381873910252,340282366920938463463374607431768211456,19367826186182381873910252/340282366920938463463374607431768211456,exact enumeration by digit-sum dynamic programming,False
16,4,32,3,35,450,13115907689470866734091,340282366920938463463374607431768211456,13115907689470866734091/340282366920938463463374607431768211456,exact enumeration by digit-sum dynamic programming,False
16,4,32,3,35,465,916287267133245150,340282366920938463463374607431768211456,916287267133245150/340282366920938463463374607431768211456,exact enumeration by digit-sum dynamic programming,False
16,4,32,3,35,480,751616304549,340282366920938463463374607431768211456,751616304549/340282366920938463463374607431768211456,exact enumeration by digit-sum dynamic programming,False
