pid,case_id,operation,cache_t,source,source_line,prf,prf_msg,h_msg,f,h,t,compress,actual_chain_sums,root_trace_matches,observed,final
1,gmsm-pid1-index0-deterministic,keygen,9,count-replay-inputs.jsonl,1,17920,0,0,268800,511,512,292352,270;255;255;255;225;255;225,True,pending native counter replay,False
1,gmsm-pid1-index0-deterministic,verify,,count-replay-inputs.jsonl,1,0,0,1,1949,231,8,2258,270;255;255;255;225;255;225,True,pending native counter replay,False
1,gmsm-pid1-index0-deterministic,sign,,count-replay-inputs.jsonl,1,182798,1,1,1938644,60898,3584,2218182,270;255;255;255;225;255;225,True,pending native counter replay,False
1,gmsm-pid1-index0-deterministic,sign,9,count-replay-inputs.jsonl,1,182798,1,1,1938644,60898,3584,2218182,270;255;255;255;225;255;225,True,pending native counter replay,False
1,gmsm-pid1-index0-deterministic,sign,0,count-replay-inputs.jsonl,1,164913,1,1,1670369,60396,3073,1926410,270;255;255;255;225;255;225,True,pending native counter replay,False
2,gmsm-pid2-index0-deterministic,keygen,3,count-replay-inputs.jsonl,2,280,0,0,4200,7,8,4568,255;255;300;270;270;225;210;255;255;225;255;270;225;285;255;300;210;225;255;315;225;285,True,pending native counter replay,False
2,gmsm-pid2-index0-deterministic,verify,,count-replay-inputs.jsonl,2,0,0,1,5958,264,23,6457,255;255;300;270;270;225;210;255;255;225;255;270;225;285;255;300;210;225;255;315;225;285,True,pending native counter replay,False
2,gmsm-pid2-index0-deterministic,sign,,count-replay-inputs.jsonl,2,8305,1,1,94272,2230,176,106576,255;255;300;270;270;225;210;255;255;225;255;270;225;285;255;300;210;225;255;315;225;285,True,pending native counter replay,False
2,gmsm-pid2-index0-deterministic,sign,3,count-replay-inputs.jsonl,2,8305,1,1,94272,2230,176,106576,255;255;300;270;270;225;210;255;255;225;255;270;225;285;255;300;210;225;255;315;225;285,True,pending native counter replay,False
2,gmsm-pid2-index0-deterministic,sign,0,count-replay-inputs.jsonl,2,8060,1,1,90597,2226,169,102582,255;255;300;270;270;225;210;255;255;225;255;270;225;285;255;300;210;225;255;315;225;285,True,pending native counter replay,False
3,python-3-0,keygen,12,count-replay-inputs.jsonl,3,285212672,0,0,855638016,4194303,4194304,1220542464,114,True,pending native counter replay,False
3,python-3-0,verify,,count-replay-inputs.jsonl,3,0,0,1,96,166,2,288,114,True,pending native counter replay,False
3,python-3-0,sign,,count-replay-inputs.jsonl,3,385875974,1,1,956301222,104857571,4194304,1522532235,114,True,pending native counter replay,False
3,python-3-0,sign,12,count-replay-inputs.jsonl,3,100941830,1,1,101498790,100667373,4096,303181717,114,True,pending native counter replay,False
3,python-3-0,sign,0,count-replay-inputs.jsonl,3,100663370,1,1,100663410,100663290,1,301990084,114,True,pending native counter replay,False
101,ACVP-pid101-tg19-tc157,keygen,9,count-replay-inputs.jsonl,4,17920,0,0,268800,511,512,292352,300;255;270;315;225;225;255,True,pending native counter replay,False
101,ACVP-pid101-tg19-tc157,verify,,count-replay-inputs.jsonl,4,0,0,1,1844,231,8,2221,300;255;270;315;225;225;255,True,pending native counter replay,False
101,ACVP-pid101-tg19-tc157,sign,,count-replay-inputs.jsonl,4,182798,1,1,1938674,60898,3584,2218348,300;255;270;315;225;225;255,True,pending native counter replay,False
101,ACVP-pid101-tg19-tc157,sign,9,count-replay-inputs.jsonl,4,182798,1,1,1938674,60898,3584,2218348,300;255;270;315;225;225;255,True,pending native counter replay,False
101,ACVP-pid101-tg19-tc157,sign,0,count-replay-inputs.jsonl,4,164913,1,1,1670399,60396,3073,1926576,300;255;270;315;225;225;255,True,pending native counter replay,False
102,ACVP-pid102-tg1-tc1,keygen,3,count-replay-inputs.jsonl,5,280,0,0,4200,7,8,4568,285;285;255;300;300;270;270;270;255;255;225;225;210;285;210;285;285;210;210;285;300;270,True,pending native counter replay,False
102,ACVP-pid102-tg1-tc1,verify,,count-replay-inputs.jsonl,5,0,0,1,5838,264,23,6337,285;285;255;300;300;270;270;270;255;255;225;225;210;285;210;285;285;210;210;285;300;270,True,pending native counter replay,False
102,ACVP-pid102-tg1-tc1,sign,,count-replay-inputs.jsonl,5,8305,1,1,94257,2230,176,106561,285;285;255;300;300;270;270;270;255;255;225;225;210;285;210;285;285;210;210;285;300;270,True,pending native counter replay,False
102,ACVP-pid102-tg1-tc1,sign,3,count-replay-inputs.jsonl,5,8305,1,1,94257,2230,176,106561,285;285;255;300;300;270;270;270;255;255;225;225;210;285;210;285;285;210;210;285;300;270,True,pending native counter replay,False
102,ACVP-pid102-tg1-tc1,sign,0,count-replay-inputs.jsonl,5,8060,1,1,90582,2226,169,102567,285;285;255;300;300;270;270;270;255;255;225;225;210;285;210;285;285;210;210;285;300;270,True,pending native counter replay,False
103,xous-SHA2-128-24,keygen,12,count-replay-inputs.jsonl,6,285212672,0,0,855638016,4194303,4194304,1220542464,105,True,pending native counter replay,False
103,xous-SHA2-128-24,verify,,count-replay-inputs.jsonl,6,0,0,1,105,166,2,296,105,True,pending native counter replay,False
103,xous-SHA2-128-24,sign,,count-replay-inputs.jsonl,6,385875974,1,1,956301213,104857571,4194304,1522532223,105,True,pending native counter replay,False
103,xous-SHA2-128-24,sign,12,count-replay-inputs.jsonl,6,100941830,1,1,101498781,100667373,4096,303181705,105,True,pending native counter replay,False
103,xous-SHA2-128-24,sign,0,count-replay-inputs.jsonl,6,100663370,1,1,100663401,100663290,1,301990072,105,True,pending native counter replay,False
201,toy-complete-0,keygen,10,count-replay-inputs.jsonl,7,69632,0,0,208896,1023,1024,297984,99,True,pending native counter replay,False
201,toy-complete-0,verify,,count-replay-inputs.jsonl,7,0,0,1,111,70,2,205,99,True,pending native counter replay,False
201,toy-complete-0,sign,,count-replay-inputs.jsonl,7,75782,1,1,214935,7151,1024,316292,99,True,pending native counter replay,False
201,toy-complete-0,sign,10,count-replay-inputs.jsonl,7,75782,1,1,214935,7151,1024,316292,99,True,pending native counter replay,False
201,toy-complete-0,sign,0,count-replay-inputs.jsonl,7,6218,1,1,6243,6138,1,18609,99,True,pending native counter replay,False
